                  epoch,         train/box_loss,         train/cls_loss,         train/dfl_loss,   metrics/precision(B),      metrics/recall(B),       metrics/mAP50(B),    metrics/mAP50-95(B),           val/box_loss,           val/cls_loss,           val/dfl_loss,                 lr/pg0,                 lr/pg1,                 lr/pg2
                      1,                 2.9693,                 3.2395,                 4.0381,                0.64611,                0.19614,                0.12421,                0.03551,                 2.3989,                 4.1308,                 3.5758,               0.003309,               0.003309,               0.003309
                      2,                 2.8028,                 2.0952,                 3.4678,                0.25232,                0.21366,                0.13779,                0.04186,                 2.5486,                 2.7914,                 3.5804,              0.0066204,              0.0066204,              0.0066204
